filename,state_name,month
Andhra_Pradesh_2024-08.txt,Andhra Pradesh,2024-08
Andhra_Pradesh_2024-09.txt,Andhra Pradesh,2024-09
Andhra_Pradesh_2024-10.txt,Andhra Pradesh,2024-10
Andhra_Pradesh_2024-11.txt,Andhra Pradesh,2024-11
Andhra_Pradesh_2024-12.txt,Andhra Pradesh,2024-12
Andhra_Pradesh_2025-01.txt,Andhra Pradesh,2025-01
Andhra_Pradesh_2025-02.txt,Andhra Pradesh,2025-02
Andhra_Pradesh_2025-03.txt,Andhra Pradesh,2025-03
Andhra_Pradesh_2025-04.txt,Andhra Pradesh,2025-04
Andhra_Pradesh_2025-05.txt,Andhra Pradesh,2025-05
Andhra_Pradesh_2025-06.txt,Andhra Pradesh,2025-06
Andhra_Pradesh_2025-07.txt,Andhra Pradesh,2025-07
Andhra_Pradesh_2025-08.txt,Andhra Pradesh,2025-08
Andhra_Pradesh_2025-09.txt,Andhra Pradesh,2025-09
Andhra_Pradesh_2025-10.txt,Andhra Pradesh,2025-10
Andhra_Pradesh_2025-11.txt,Andhra Pradesh,2025-11
Andhra_Pradesh_2025-12.txt,Andhra Pradesh,2025-12
Andhra_Pradesh_2026-01.txt,Andhra Pradesh,2026-01
Andhra_Pradesh_2026-02.txt,Andhra Pradesh,2026-02
Andhra_Pradesh_2026-03.txt,Andhra Pradesh,2026-03
Andhra_Pradesh_2026-04.txt,Andhra Pradesh,2026-04
Andhra_Pradesh_2026-05.txt,Andhra Pradesh,2026-05
Andhra_Pradesh_2026-06.txt,Andhra Pradesh,2026-06
Andhra_Pradesh_2026-07.txt,Andhra Pradesh,2026-07
Arunachal_Pradesh_2024-08.txt,Arunachal Pradesh,2024-08
Arunachal_Pradesh_2024-09.txt,Arunachal Pradesh,2024-09
Arunachal_Pradesh_2024-10.txt,Arunachal Pradesh,2024-10
Arunachal_Pradesh_2024-11.txt,Arunachal Pradesh,2024-11
Arunachal_Pradesh_2024-12.txt,Arunachal Pradesh,2024-12
Arunachal_Pradesh_2025-01.txt,Arunachal Pradesh,2025-01
Arunachal_Pradesh_2025-02.txt,Arunachal Pradesh,2025-02
Arunachal_Pradesh_2025-03.txt,Arunachal Pradesh,2025-03
Arunachal_Pradesh_2025-04.txt,Arunachal Pradesh,2025-04
Arunachal_Pradesh_2025-05.txt,Arunachal Pradesh,2025-05
Arunachal_Pradesh_2025-06.txt,Arunachal Pradesh,2025-06
Arunachal_Pradesh_2025-07.txt,Arunachal Pradesh,2025-07
Arunachal_Pradesh_2025-08.txt,Arunachal Pradesh,2025-08
Arunachal_Pradesh_2025-09.txt,Arunachal Pradesh,2025-09
Arunachal_Pradesh_2025-10.txt,Arunachal Pradesh,2025-10
Arunachal_Pradesh_2025-11.txt,Arunachal Pradesh,2025-11
Arunachal_Pradesh_2025-12.txt,Arunachal Pradesh,2025-12
Arunachal_Pradesh_2026-01.txt,Arunachal Pradesh,2026-01
Arunachal_Pradesh_2026-02.txt,Arunachal Pradesh,2026-02
Arunachal_Pradesh_2026-03.txt,Arunachal Pradesh,2026-03
Arunachal_Pradesh_2026-04.txt,Arunachal Pradesh,2026-04
Arunachal_Pradesh_2026-05.txt,Arunachal Pradesh,2026-05
Arunachal_Pradesh_2026-06.txt,Arunachal Pradesh,2026-06
Arunachal_Pradesh_2026-07.txt,Arunachal Pradesh,2026-07
Assam_2024-08.txt,Assam,2024-08
Assam_2024-09.txt,Assam,2024-09
Assam_2024-10.txt,Assam,2024-10
Assam_2024-11.txt,Assam,2024-11
Assam_2024-12.txt,Assam,2024-12
Assam_2025-01.txt,Assam,2025-01
Assam_2025-02.txt,Assam,2025-02
Assam_2025-03.txt,Assam,2025-03
Assam_2025-04.txt,Assam,2025-04
Assam_2025-05.txt,Assam,2025-05
Assam_2025-06.txt,Assam,2025-06
Assam_2025-07.txt,Assam,2025-07
Assam_2025-08.txt,Assam,2025-08
Assam_2025-09.txt,Assam,2025-09
Assam_2025-10.txt,Assam,2025-10
Assam_2025-11.txt,Assam,2025-11
Assam_2025-12.txt,Assam,2025-12
Assam_2026-01.txt,Assam,2026-01
Assam_2026-02.txt,Assam,2026-02
Assam_2026-03.txt,Assam,2026-03
Assam_2026-04.txt,Assam,2026-04
Assam_2026-05.txt,Assam,2026-05
Assam_2026-06.txt,Assam,2026-06
Assam_2026-07.txt,Assam,2026-07
Bihar_2024-08.txt,Bihar,2024-08
Bihar_2024-09.txt,Bihar,2024-09
Bihar_2024-10.txt,Bihar,2024-10
Bihar_2024-11.txt,Bihar,2024-11
Bihar_2024-12.txt,Bihar,2024-12
Bihar_2025-01.txt,Bihar,2025-01
Bihar_2025-02.txt,Bihar,2025-02
Bihar_2025-03.txt,Bihar,2025-03
Bihar_2025-04.txt,Bihar,2025-04
Bihar_2025-05.txt,Bihar,2025-05
Bihar_2025-06.txt,Bihar,2025-06
Bihar_2025-07.txt,Bihar,2025-07
Bihar_2025-08.txt,Bihar,2025-08
Bihar_2025-09.txt,Bihar,2025-09
Bihar_2025-10.txt,Bihar,2025-10
Bihar_2025-11.txt,Bihar,2025-11
Bihar_2025-12.txt,Bihar,2025-12
Bihar_2026-01.txt,Bihar,2026-01
Bihar_2026-02.txt,Bihar,2026-02
Bihar_2026-03.txt,Bihar,2026-03
Bihar_2026-04.txt,Bihar,2026-04
Bihar_2026-05.txt,Bihar,2026-05
Bihar_2026-06.txt,Bihar,2026-06
Bihar_2026-07.txt,Bihar,2026-07
Chhattisgarh_2024-08.txt,Chhattisgarh,2024-08
Chhattisgarh_2024-09.txt,Chhattisgarh,2024-09
Chhattisgarh_2024-10.txt,Chhattisgarh,2024-10
Chhattisgarh_2024-11.txt,Chhattisgarh,2024-11
Chhattisgarh_2024-12.txt,Chhattisgarh,2024-12
Chhattisgarh_2025-01.txt,Chhattisgarh,2025-01
Chhattisgarh_2025-02.txt,Chhattisgarh,2025-02
Chhattisgarh_2025-03.txt,Chhattisgarh,2025-03
Chhattisgarh_2025-04.txt,Chhattisgarh,2025-04
Chhattisgarh_2025-05.txt,Chhattisgarh,2025-05
Chhattisgarh_2025-06.txt,Chhattisgarh,2025-06
Chhattisgarh_2025-07.txt,Chhattisgarh,2025-07
Chhattisgarh_2025-08.txt,Chhattisgarh,2025-08
Chhattisgarh_2025-09.txt,Chhattisgarh,2025-09
Chhattisgarh_2025-10.txt,Chhattisgarh,2025-10
Chhattisgarh_2025-11.txt,Chhattisgarh,2025-11
Chhattisgarh_2025-12.txt,Chhattisgarh,2025-12
Chhattisgarh_2026-01.txt,Chhattisgarh,2026-01
Chhattisgarh_2026-02.txt,Chhattisgarh,2026-02
Chhattisgarh_2026-03.txt,Chhattisgarh,2026-03
Chhattisgarh_2026-04.txt,Chhattisgarh,2026-04
Chhattisgarh_2026-05.txt,Chhattisgarh,2026-05
Chhattisgarh_2026-06.txt,Chhattisgarh,2026-06
Chhattisgarh_2026-07.txt,Chhattisgarh,2026-07
Goa_2024-08.txt,Goa,2024-08
Goa_2024-09.txt,Goa,2024-09
Goa_2024-10.txt,Goa,2024-10
Goa_2024-11.txt,Goa,2024-11
Goa_2024-12.txt,Goa,2024-12
Goa_2025-01.txt,Goa,2025-01
Goa_2025-02.txt,Goa,2025-02
Goa_2025-03.txt,Goa,2025-03
Goa_2025-04.txt,Goa,2025-04
Goa_2025-05.txt,Goa,2025-05
Goa_2025-06.txt,Goa,2025-06
Goa_2025-07.txt,Goa,2025-07
Goa_2025-08.txt,Goa,2025-08
Goa_2025-09.txt,Goa,2025-09
Goa_2025-10.txt,Goa,2025-10
Goa_2025-11.txt,Goa,2025-11
Goa_2025-12.txt,Goa,2025-12
Goa_2026-01.txt,Goa,2026-01
Goa_2026-02.txt,Goa,2026-02
Goa_2026-03.txt,Goa,2026-03
Goa_2026-04.txt,Goa,2026-04
Goa_2026-05.txt,Goa,2026-05
Goa_2026-06.txt,Goa,2026-06
Goa_2026-07.txt,Goa,2026-07
Gujarat_2024-08.txt,Gujarat,2024-08
Gujarat_2024-09.txt,Gujarat,2024-09
Gujarat_2024-10.txt,Gujarat,2024-10
Gujarat_2024-11.txt,Gujarat,2024-11
Gujarat_2024-12.txt,Gujarat,2024-12
Gujarat_2025-01.txt,Gujarat,2025-01
Gujarat_2025-02.txt,Gujarat,2025-02
Gujarat_2025-03.txt,Gujarat,2025-03
Gujarat_2025-04.txt,Gujarat,2025-04
Gujarat_2025-05.txt,Gujarat,2025-05
Gujarat_2025-06.txt,Gujarat,2025-06
Gujarat_2025-07.txt,Gujarat,2025-07
Gujarat_2025-08.txt,Gujarat,2025-08
Gujarat_2025-09.txt,Gujarat,2025-09
Gujarat_2025-10.txt,Gujarat,2025-10
Gujarat_2025-11.txt,Gujarat,2025-11
Gujarat_2025-12.txt,Gujarat,2025-12
Gujarat_2026-01.txt,Gujarat,2026-01
Gujarat_2026-02.txt,Gujarat,2026-02
Gujarat_2026-03.txt,Gujarat,2026-03
Gujarat_2026-04.txt,Gujarat,2026-04
Gujarat_2026-05.txt,Gujarat,2026-05
Gujarat_2026-06.txt,Gujarat,2026-06
Gujarat_2026-07.txt,Gujarat,2026-07
Haryana_2024-08.txt,Haryana,2024-08
Haryana_2024-09.txt,Haryana,2024-09
Haryana_2024-10.txt,Haryana,2024-10
Haryana_2024-11.txt,Haryana,2024-11
Haryana_2024-12.txt,Haryana,2024-12
Haryana_2025-01.txt,Haryana,2025-01
Haryana_2025-02.txt,Haryana,2025-02
Haryana_2025-03.txt,Haryana,2025-03
Haryana_2025-04.txt,Haryana,2025-04
Haryana_2025-05.txt,Haryana,2025-05
Haryana_2025-06.txt,Haryana,2025-06
Haryana_2025-07.txt,Haryana,2025-07
Haryana_2025-08.txt,Haryana,2025-08
Haryana_2025-09.txt,Haryana,2025-09
Haryana_2025-10.txt,Haryana,2025-10
Haryana_2025-11.txt,Haryana,2025-11
Haryana_2025-12.txt,Haryana,2025-12
Haryana_2026-01.txt,Haryana,2026-01
Haryana_2026-02.txt,Haryana,2026-02
Haryana_2026-03.txt,Haryana,2026-03
Haryana_2026-04.txt,Haryana,2026-04
Haryana_2026-05.txt,Haryana,2026-05
Haryana_2026-06.txt,Haryana,2026-06
Haryana_2026-07.txt,Haryana,2026-07
Himachal_Pradesh_2024-08.txt,Himachal Pradesh,2024-08
Himachal_Pradesh_2024-09.txt,Himachal Pradesh,2024-09
Himachal_Pradesh_2024-10.txt,Himachal Pradesh,2024-10
Himachal_Pradesh_2024-11.txt,Himachal Pradesh,2024-11
Himachal_Pradesh_2024-12.txt,Himachal Pradesh,2024-12
Himachal_Pradesh_2025-01.txt,Himachal Pradesh,2025-01
Himachal_Pradesh_2025-02.txt,Himachal Pradesh,2025-02
Himachal_Pradesh_2025-03.txt,Himachal Pradesh,2025-03
Himachal_Pradesh_2025-04.txt,Himachal Pradesh,2025-04
Himachal_Pradesh_2025-05.txt,Himachal Pradesh,2025-05
Himachal_Pradesh_2025-06.txt,Himachal Pradesh,2025-06
Himachal_Pradesh_2025-07.txt,Himachal Pradesh,2025-07
Himachal_Pradesh_2025-08.txt,Himachal Pradesh,2025-08
Himachal_Pradesh_2025-09.txt,Himachal Pradesh,2025-09
Himachal_Pradesh_2025-10.txt,Himachal Pradesh,2025-10
Himachal_Pradesh_2025-11.txt,Himachal Pradesh,2025-11
Himachal_Pradesh_2025-12.txt,Himachal Pradesh,2025-12
Himachal_Pradesh_2026-01.txt,Himachal Pradesh,2026-01
Himachal_Pradesh_2026-02.txt,Himachal Pradesh,2026-02
Himachal_Pradesh_2026-03.txt,Himachal Pradesh,2026-03
Himachal_Pradesh_2026-04.txt,Himachal Pradesh,2026-04
Himachal_Pradesh_2026-05.txt,Himachal Pradesh,2026-05
Himachal_Pradesh_2026-06.txt,Himachal Pradesh,2026-06
Himachal_Pradesh_2026-07.txt,Himachal Pradesh,2026-07
Jharkhand_2024-08.txt,Jharkhand,2024-08
Jharkhand_2024-09.txt,Jharkhand,2024-09
Jharkhand_2024-10.txt,Jharkhand,2024-10
Jharkhand_2024-11.txt,Jharkhand,2024-11
Jharkhand_2024-12.txt,Jharkhand,2024-12
Jharkhand_2025-01.txt,Jharkhand,2025-01
Jharkhand_2025-02.txt,Jharkhand,2025-02
Jharkhand_2025-03.txt,Jharkhand,2025-03
Jharkhand_2025-04.txt,Jharkhand,2025-04
Jharkhand_2025-05.txt,Jharkhand,2025-05
Jharkhand_2025-06.txt,Jharkhand,2025-06
Jharkhand_2025-07.txt,Jharkhand,2025-07
Jharkhand_2025-08.txt,Jharkhand,2025-08
Jharkhand_2025-09.txt,Jharkhand,2025-09
Jharkhand_2025-10.txt,Jharkhand,2025-10
Jharkhand_2025-11.txt,Jharkhand,2025-11
Jharkhand_2025-12.txt,Jharkhand,2025-12
Jharkhand_2026-01.txt,Jharkhand,2026-01
Jharkhand_2026-02.txt,Jharkhand,2026-02
Jharkhand_2026-03.txt,Jharkhand,2026-03
Jharkhand_2026-04.txt,Jharkhand,2026-04
Jharkhand_2026-05.txt,Jharkhand,2026-05
Jharkhand_2026-06.txt,Jharkhand,2026-06
Jharkhand_2026-07.txt,Jharkhand,2026-07
Karnataka_2024-08.txt,Karnataka,2024-08
Karnataka_2024-09.txt,Karnataka,2024-09
Karnataka_2024-10.txt,Karnataka,2024-10
Karnataka_2024-11.txt,Karnataka,2024-11
Karnataka_2024-12.txt,Karnataka,2024-12
Karnataka_2025-01.txt,Karnataka,2025-01
Karnataka_2025-02.txt,Karnataka,2025-02
Karnataka_2025-03.txt,Karnataka,2025-03
Karnataka_2025-04.txt,Karnataka,2025-04
Karnataka_2025-05.txt,Karnataka,2025-05
Karnataka_2025-06.txt,Karnataka,2025-06
Karnataka_2025-07.txt,Karnataka,2025-07
Karnataka_2025-08.txt,Karnataka,2025-08
Karnataka_2025-09.txt,Karnataka,2025-09
Karnataka_2025-10.txt,Karnataka,2025-10
Karnataka_2025-11.txt,Karnataka,2025-11
Karnataka_2025-12.txt,Karnataka,2025-12
Karnataka_2026-01.txt,Karnataka,2026-01
Karnataka_2026-02.txt,Karnataka,2026-02
Karnataka_2026-03.txt,Karnataka,2026-03
Karnataka_2026-04.txt,Karnataka,2026-04
Karnataka_2026-05.txt,Karnataka,2026-05
Karnataka_2026-06.txt,Karnataka,2026-06
Karnataka_2026-07.txt,Karnataka,2026-07
Kerala_2024-08.txt,Kerala,2024-08
Kerala_2024-09.txt,Kerala,2024-09
Kerala_2024-10.txt,Kerala,2024-10
Kerala_2024-11.txt,Kerala,2024-11
Kerala_2024-12.txt,Kerala,2024-12
Kerala_2025-01.txt,Kerala,2025-01
Kerala_2025-02.txt,Kerala,2025-02
Kerala_2025-03.txt,Kerala,2025-03
Kerala_2025-04.txt,Kerala,2025-04
Kerala_2025-05.txt,Kerala,2025-05
Kerala_2025-06.txt,Kerala,2025-06
Kerala_2025-07.txt,Kerala,2025-07
Kerala_2025-08.txt,Kerala,2025-08
Kerala_2025-09.txt,Kerala,2025-09
Kerala_2025-10.txt,Kerala,2025-10
Kerala_2025-11.txt,Kerala,2025-11
Kerala_2025-12.txt,Kerala,2025-12
Kerala_2026-01.txt,Kerala,2026-01
Kerala_2026-02.txt,Kerala,2026-02
Kerala_2026-03.txt,Kerala,2026-03
Kerala_2026-04.txt,Kerala,2026-04
Kerala_2026-05.txt,Kerala,2026-05
Kerala_2026-06.txt,Kerala,2026-06
Kerala_2026-07.txt,Kerala,2026-07
Madhya_Pradesh_2024-08.txt,Madhya Pradesh,2024-08
Madhya_Pradesh_2024-09.txt,Madhya Pradesh,2024-09
Madhya_Pradesh_2024-10.txt,Madhya Pradesh,2024-10
Madhya_Pradesh_2024-11.txt,Madhya Pradesh,2024-11
Madhya_Pradesh_2024-12.txt,Madhya Pradesh,2024-12
Madhya_Pradesh_2025-01.txt,Madhya Pradesh,2025-01
Madhya_Pradesh_2025-02.txt,Madhya Pradesh,2025-02
Madhya_Pradesh_2025-03.txt,Madhya Pradesh,2025-03
Madhya_Pradesh_2025-04.txt,Madhya Pradesh,2025-04
Madhya_Pradesh_2025-05.txt,Madhya Pradesh,2025-05
Madhya_Pradesh_2025-06.txt,Madhya Pradesh,2025-06
Madhya_Pradesh_2025-07.txt,Madhya Pradesh,2025-07
Madhya_Pradesh_2025-08.txt,Madhya Pradesh,2025-08
Madhya_Pradesh_2025-09.txt,Madhya Pradesh,2025-09
Madhya_Pradesh_2025-10.txt,Madhya Pradesh,2025-10
Madhya_Pradesh_2025-11.txt,Madhya Pradesh,2025-11
Madhya_Pradesh_2025-12.txt,Madhya Pradesh,2025-12
Madhya_Pradesh_2026-01.txt,Madhya Pradesh,2026-01
Madhya_Pradesh_2026-02.txt,Madhya Pradesh,2026-02
Madhya_Pradesh_2026-03.txt,Madhya Pradesh,2026-03
Madhya_Pradesh_2026-04.txt,Madhya Pradesh,2026-04
Madhya_Pradesh_2026-05.txt,Madhya Pradesh,2026-05
Madhya_Pradesh_2026-06.txt,Madhya Pradesh,2026-06
Madhya_Pradesh_2026-07.txt,Madhya Pradesh,2026-07
Maharashtra_2024-08.txt,Maharashtra,2024-08
Maharashtra_2024-09.txt,Maharashtra,2024-09
Maharashtra_2024-10.txt,Maharashtra,2024-10
Maharashtra_2024-11.txt,Maharashtra,2024-11
Maharashtra_2024-12.txt,Maharashtra,2024-12
Maharashtra_2025-01.txt,Maharashtra,2025-01
Maharashtra_2025-02.txt,Maharashtra,2025-02
Maharashtra_2025-03.txt,Maharashtra,2025-03
Maharashtra_2025-04.txt,Maharashtra,2025-04
Maharashtra_2025-05.txt,Maharashtra,2025-05
Maharashtra_2025-06.txt,Maharashtra,2025-06
Maharashtra_2025-07.txt,Maharashtra,2025-07
Maharashtra_2025-08.txt,Maharashtra,2025-08
Maharashtra_2025-09.txt,Maharashtra,2025-09
Maharashtra_2025-10.txt,Maharashtra,2025-10
Maharashtra_2025-11.txt,Maharashtra,2025-11
Maharashtra_2025-12.txt,Maharashtra,2025-12
Maharashtra_2026-01.txt,Maharashtra,2026-01
Maharashtra_2026-02.txt,Maharashtra,2026-02
Maharashtra_2026-03.txt,Maharashtra,2026-03
Maharashtra_2026-04.txt,Maharashtra,2026-04
Maharashtra_2026-05.txt,Maharashtra,2026-05
Maharashtra_2026-06.txt,Maharashtra,2026-06
Maharashtra_2026-07.txt,Maharashtra,2026-07
Manipur_2024-08.txt,Manipur,2024-08
Manipur_2024-09.txt,Manipur,2024-09
Manipur_2024-10.txt,Manipur,2024-10
Manipur_2024-11.txt,Manipur,2024-11
Manipur_2024-12.txt,Manipur,2024-12
Manipur_2025-01.txt,Manipur,2025-01
Manipur_2025-02.txt,Manipur,2025-02
Manipur_2025-03.txt,Manipur,2025-03
Manipur_2025-04.txt,Manipur,2025-04
Manipur_2025-05.txt,Manipur,2025-05
Manipur_2025-06.txt,Manipur,2025-06
Manipur_2025-07.txt,Manipur,2025-07
Manipur_2025-08.txt,Manipur,2025-08
Manipur_2025-09.txt,Manipur,2025-09
Manipur_2025-10.txt,Manipur,2025-10
Manipur_2025-11.txt,Manipur,2025-11
Manipur_2025-12.txt,Manipur,2025-12
Manipur_2026-01.txt,Manipur,2026-01
Manipur_2026-02.txt,Manipur,2026-02
Manipur_2026-03.txt,Manipur,2026-03
Manipur_2026-04.txt,Manipur,2026-04
Manipur_2026-05.txt,Manipur,2026-05
Manipur_2026-06.txt,Manipur,2026-06
Manipur_2026-07.txt,Manipur,2026-07
Meghalaya_2024-08.txt,Meghalaya,2024-08
Meghalaya_2024-09.txt,Meghalaya,2024-09
Meghalaya_2024-10.txt,Meghalaya,2024-10
Meghalaya_2024-11.txt,Meghalaya,2024-11
Meghalaya_2024-12.txt,Meghalaya,2024-12
Meghalaya_2025-01.txt,Meghalaya,2025-01
Meghalaya_2025-02.txt,Meghalaya,2025-02
Meghalaya_2025-03.txt,Meghalaya,2025-03
Meghalaya_2025-04.txt,Meghalaya,2025-04
Meghalaya_2025-05.txt,Meghalaya,2025-05
Meghalaya_2025-06.txt,Meghalaya,2025-06
Meghalaya_2025-07.txt,Meghalaya,2025-07
Meghalaya_2025-08.txt,Meghalaya,2025-08
Meghalaya_2025-09.txt,Meghalaya,2025-09
Meghalaya_2025-10.txt,Meghalaya,2025-10
Meghalaya_2025-11.txt,Meghalaya,2025-11
Meghalaya_2025-12.txt,Meghalaya,2025-12
Meghalaya_2026-01.txt,Meghalaya,2026-01
Meghalaya_2026-02.txt,Meghalaya,2026-02
Meghalaya_2026-03.txt,Meghalaya,2026-03
Meghalaya_2026-04.txt,Meghalaya,2026-04
Meghalaya_2026-05.txt,Meghalaya,2026-05
Meghalaya_2026-06.txt,Meghalaya,2026-06
Meghalaya_2026-07.txt,Meghalaya,2026-07
Mizoram_2024-08.txt,Mizoram,2024-08
Mizoram_2024-09.txt,Mizoram,2024-09
Mizoram_2024-10.txt,Mizoram,2024-10
Mizoram_2024-11.txt,Mizoram,2024-11
Mizoram_2024-12.txt,Mizoram,2024-12
Mizoram_2025-01.txt,Mizoram,2025-01
Mizoram_2025-02.txt,Mizoram,2025-02
Mizoram_2025-03.txt,Mizoram,2025-03
Mizoram_2025-04.txt,Mizoram,2025-04
Mizoram_2025-05.txt,Mizoram,2025-05
Mizoram_2025-06.txt,Mizoram,2025-06
Mizoram_2025-07.txt,Mizoram,2025-07
Mizoram_2025-08.txt,Mizoram,2025-08
Mizoram_2025-09.txt,Mizoram,2025-09
Mizoram_2025-10.txt,Mizoram,2025-10
Mizoram_2025-11.txt,Mizoram,2025-11
Mizoram_2025-12.txt,Mizoram,2025-12
Mizoram_2026-01.txt,Mizoram,2026-01
Mizoram_2026-02.txt,Mizoram,2026-02
Mizoram_2026-03.txt,Mizoram,2026-03
Mizoram_2026-04.txt,Mizoram,2026-04
Mizoram_2026-05.txt,Mizoram,2026-05
Mizoram_2026-06.txt,Mizoram,2026-06
Mizoram_2026-07.txt,Mizoram,2026-07
Nagaland_2024-08.txt,Nagaland,2024-08
Nagaland_2024-09.txt,Nagaland,2024-09
Nagaland_2024-10.txt,Nagaland,2024-10
Nagaland_2024-11.txt,Nagaland,2024-11
Nagaland_2024-12.txt,Nagaland,2024-12
Nagaland_2025-01.txt,Nagaland,2025-01
Nagaland_2025-02.txt,Nagaland,2025-02
Nagaland_2025-03.txt,Nagaland,2025-03
Nagaland_2025-04.txt,Nagaland,2025-04
Nagaland_2025-05.txt,Nagaland,2025-05
Nagaland_2025-06.txt,Nagaland,2025-06
Nagaland_2025-07.txt,Nagaland,2025-07
Nagaland_2025-08.txt,Nagaland,2025-08
Nagaland_2025-09.txt,Nagaland,2025-09
Nagaland_2025-10.txt,Nagaland,2025-10
Nagaland_2025-11.txt,Nagaland,2025-11
Nagaland_2025-12.txt,Nagaland,2025-12
Nagaland_2026-01.txt,Nagaland,2026-01
Nagaland_2026-02.txt,Nagaland,2026-02
Nagaland_2026-03.txt,Nagaland,2026-03
Nagaland_2026-04.txt,Nagaland,2026-04
Nagaland_2026-05.txt,Nagaland,2026-05
Nagaland_2026-06.txt,Nagaland,2026-06
Nagaland_2026-07.txt,Nagaland,2026-07
Odisha_2024-08.txt,Odisha,2024-08
Odisha_2024-09.txt,Odisha,2024-09
Odisha_2024-10.txt,Odisha,2024-10
Odisha_2024-11.txt,Odisha,2024-11
Odisha_2024-12.txt,Odisha,2024-12
Odisha_2025-01.txt,Odisha,2025-01
Odisha_2025-02.txt,Odisha,2025-02
Odisha_2025-03.txt,Odisha,2025-03
Odisha_2025-04.txt,Odisha,2025-04
Odisha_2025-05.txt,Odisha,2025-05
Odisha_2025-06.txt,Odisha,2025-06
Odisha_2025-07.txt,Odisha,2025-07
Odisha_2025-08.txt,Odisha,2025-08
Odisha_2025-09.txt,Odisha,2025-09
Odisha_2025-10.txt,Odisha,2025-10
Odisha_2025-11.txt,Odisha,2025-11
Odisha_2025-12.txt,Odisha,2025-12
Odisha_2026-01.txt,Odisha,2026-01
Odisha_2026-02.txt,Odisha,2026-02
Odisha_2026-03.txt,Odisha,2026-03
Odisha_2026-04.txt,Odisha,2026-04
Odisha_2026-05.txt,Odisha,2026-05
Odisha_2026-06.txt,Odisha,2026-06
Odisha_2026-07.txt,Odisha,2026-07
Punjab_2024-08.txt,Punjab,2024-08
Punjab_2024-09.txt,Punjab,2024-09
Punjab_2024-10.txt,Punjab,2024-10
Punjab_2024-11.txt,Punjab,2024-11
Punjab_2024-12.txt,Punjab,2024-12
Punjab_2025-01.txt,Punjab,2025-01
Punjab_2025-02.txt,Punjab,2025-02
Punjab_2025-03.txt,Punjab,2025-03
Punjab_2025-04.txt,Punjab,2025-04
Punjab_2025-05.txt,Punjab,2025-05
Punjab_2025-06.txt,Punjab,2025-06
Punjab_2025-07.txt,Punjab,2025-07
Punjab_2025-08.txt,Punjab,2025-08
Punjab_2025-09.txt,Punjab,2025-09
Punjab_2025-10.txt,Punjab,2025-10
Punjab_2025-11.txt,Punjab,2025-11
Punjab_2025-12.txt,Punjab,2025-12
Punjab_2026-01.txt,Punjab,2026-01
Punjab_2026-02.txt,Punjab,2026-02
Punjab_2026-03.txt,Punjab,2026-03
Punjab_2026-04.txt,Punjab,2026-04
Punjab_2026-05.txt,Punjab,2026-05
Punjab_2026-06.txt,Punjab,2026-06
Punjab_2026-07.txt,Punjab,2026-07
Rajasthan_2024-08.txt,Rajasthan,2024-08
Rajasthan_2024-09.txt,Rajasthan,2024-09
Rajasthan_2024-10.txt,Rajasthan,2024-10
Rajasthan_2024-11.txt,Rajasthan,2024-11
Rajasthan_2024-12.txt,Rajasthan,2024-12
Rajasthan_2025-01.txt,Rajasthan,2025-01
Rajasthan_2025-02.txt,Rajasthan,2025-02
Rajasthan_2025-03.txt,Rajasthan,2025-03
Rajasthan_2025-04.txt,Rajasthan,2025-04
Rajasthan_2025-05.txt,Rajasthan,2025-05
Rajasthan_2025-06.txt,Rajasthan,2025-06
Rajasthan_2025-07.txt,Rajasthan,2025-07
Rajasthan_2025-08.txt,Rajasthan,2025-08
Rajasthan_2025-09.txt,Rajasthan,2025-09
Rajasthan_2025-10.txt,Rajasthan,2025-10
Rajasthan_2025-11.txt,Rajasthan,2025-11
Rajasthan_2025-12.txt,Rajasthan,2025-12
Rajasthan_2026-01.txt,Rajasthan,2026-01
Rajasthan_2026-02.txt,Rajasthan,2026-02
Rajasthan_2026-03.txt,Rajasthan,2026-03
Rajasthan_2026-04.txt,Rajasthan,2026-04
Rajasthan_2026-05.txt,Rajasthan,2026-05
Rajasthan_2026-06.txt,Rajasthan,2026-06
Rajasthan_2026-07.txt,Rajasthan,2026-07
Sikkim_2024-08.txt,Sikkim,2024-08
Sikkim_2024-09.txt,Sikkim,2024-09
Sikkim_2024-10.txt,Sikkim,2024-10
Sikkim_2024-11.txt,Sikkim,2024-11
Sikkim_2024-12.txt,Sikkim,2024-12
Sikkim_2025-01.txt,Sikkim,2025-01
Sikkim_2025-02.txt,Sikkim,2025-02
Sikkim_2025-03.txt,Sikkim,2025-03
Sikkim_2025-04.txt,Sikkim,2025-04
Sikkim_2025-05.txt,Sikkim,2025-05
Sikkim_2025-06.txt,Sikkim,2025-06
Sikkim_2025-07.txt,Sikkim,2025-07
Sikkim_2025-08.txt,Sikkim,2025-08
Sikkim_2025-09.txt,Sikkim,2025-09
Sikkim_2025-10.txt,Sikkim,2025-10
Sikkim_2025-11.txt,Sikkim,2025-11
Sikkim_2025-12.txt,Sikkim,2025-12
Sikkim_2026-01.txt,Sikkim,2026-01
Sikkim_2026-02.txt,Sikkim,2026-02
Sikkim_2026-03.txt,Sikkim,2026-03
Sikkim_2026-04.txt,Sikkim,2026-04
Sikkim_2026-05.txt,Sikkim,2026-05
Sikkim_2026-06.txt,Sikkim,2026-06
Sikkim_2026-07.txt,Sikkim,2026-07
Tamil_Nadu_2024-08.txt,Tamil Nadu,2024-08
Tamil_Nadu_2024-09.txt,Tamil Nadu,2024-09
Tamil_Nadu_2024-10.txt,Tamil Nadu,2024-10
Tamil_Nadu_2024-11.txt,Tamil Nadu,2024-11
Tamil_Nadu_2024-12.txt,Tamil Nadu,2024-12
Tamil_Nadu_2025-01.txt,Tamil Nadu,2025-01
Tamil_Nadu_2025-02.txt,Tamil Nadu,2025-02
Tamil_Nadu_2025-03.txt,Tamil Nadu,2025-03
Tamil_Nadu_2025-04.txt,Tamil Nadu,2025-04
Tamil_Nadu_2025-05.txt,Tamil Nadu,2025-05
Tamil_Nadu_2025-06.txt,Tamil Nadu,2025-06
Tamil_Nadu_2025-07.txt,Tamil Nadu,2025-07
Tamil_Nadu_2025-08.txt,Tamil Nadu,2025-08
Tamil_Nadu_2025-09.txt,Tamil Nadu,2025-09
Tamil_Nadu_2025-10.txt,Tamil Nadu,2025-10
Tamil_Nadu_2025-11.txt,Tamil Nadu,2025-11
Tamil_Nadu_2025-12.txt,Tamil Nadu,2025-12
Tamil_Nadu_2026-01.txt,Tamil Nadu,2026-01
Tamil_Nadu_2026-02.txt,Tamil Nadu,2026-02
Tamil_Nadu_2026-03.txt,Tamil Nadu,2026-03
Tamil_Nadu_2026-04.txt,Tamil Nadu,2026-04
Tamil_Nadu_2026-05.txt,Tamil Nadu,2026-05
Tamil_Nadu_2026-06.txt,Tamil Nadu,2026-06
Tamil_Nadu_2026-07.txt,Tamil Nadu,2026-07
Telangana_2024-08.txt,Telangana,2024-08
Telangana_2024-09.txt,Telangana,2024-09
Telangana_2024-10.txt,Telangana,2024-10
Telangana_2024-11.txt,Telangana,2024-11
Telangana_2024-12.txt,Telangana,2024-12
Telangana_2025-01.txt,Telangana,2025-01
Telangana_2025-02.txt,Telangana,2025-02
Telangana_2025-03.txt,Telangana,2025-03
Telangana_2025-04.txt,Telangana,2025-04
Telangana_2025-05.txt,Telangana,2025-05
Telangana_2025-06.txt,Telangana,2025-06
Telangana_2025-07.txt,Telangana,2025-07
Telangana_2025-08.txt,Telangana,2025-08
Telangana_2025-09.txt,Telangana,2025-09
Telangana_2025-10.txt,Telangana,2025-10
Telangana_2025-11.txt,Telangana,2025-11
Telangana_2025-12.txt,Telangana,2025-12
Telangana_2026-01.txt,Telangana,2026-01
Telangana_2026-02.txt,Telangana,2026-02
Telangana_2026-03.txt,Telangana,2026-03
Telangana_2026-04.txt,Telangana,2026-04
Telangana_2026-05.txt,Telangana,2026-05
Telangana_2026-06.txt,Telangana,2026-06
Telangana_2026-07.txt,Telangana,2026-07
Tripura_2024-08.txt,Tripura,2024-08
Tripura_2024-09.txt,Tripura,2024-09
Tripura_2024-10.txt,Tripura,2024-10
Tripura_2024-11.txt,Tripura,2024-11
Tripura_2024-12.txt,Tripura,2024-12
Tripura_2025-01.txt,Tripura,2025-01
Tripura_2025-02.txt,Tripura,2025-02
Tripura_2025-03.txt,Tripura,2025-03
Tripura_2025-04.txt,Tripura,2025-04
Tripura_2025-05.txt,Tripura,2025-05
Tripura_2025-06.txt,Tripura,2025-06
Tripura_2025-07.txt,Tripura,2025-07
Tripura_2025-08.txt,Tripura,2025-08
Tripura_2025-09.txt,Tripura,2025-09
Tripura_2025-10.txt,Tripura,2025-10
Tripura_2025-11.txt,Tripura,2025-11
Tripura_2025-12.txt,Tripura,2025-12
Tripura_2026-01.txt,Tripura,2026-01
Tripura_2026-02.txt,Tripura,2026-02
Tripura_2026-03.txt,Tripura,2026-03
Tripura_2026-04.txt,Tripura,2026-04
Tripura_2026-05.txt,Tripura,2026-05
Tripura_2026-06.txt,Tripura,2026-06
Tripura_2026-07.txt,Tripura,2026-07
Uttar_Pradesh_2024-08.txt,Uttar Pradesh,2024-08
Uttar_Pradesh_2024-09.txt,Uttar Pradesh,2024-09
Uttar_Pradesh_2024-10.txt,Uttar Pradesh,2024-10
Uttar_Pradesh_2024-11.txt,Uttar Pradesh,2024-11
Uttar_Pradesh_2024-12.txt,Uttar Pradesh,2024-12
Uttar_Pradesh_2025-01.txt,Uttar Pradesh,2025-01
Uttar_Pradesh_2025-02.txt,Uttar Pradesh,2025-02
Uttar_Pradesh_2025-03.txt,Uttar Pradesh,2025-03
Uttar_Pradesh_2025-04.txt,Uttar Pradesh,2025-04
Uttar_Pradesh_2025-05.txt,Uttar Pradesh,2025-05
Uttar_Pradesh_2025-06.txt,Uttar Pradesh,2025-06
Uttar_Pradesh_2025-07.txt,Uttar Pradesh,2025-07
Uttar_Pradesh_2025-08.txt,Uttar Pradesh,2025-08
Uttar_Pradesh_2025-09.txt,Uttar Pradesh,2025-09
Uttar_Pradesh_2025-10.txt,Uttar Pradesh,2025-10
Uttar_Pradesh_2025-11.txt,Uttar Pradesh,2025-11
Uttar_Pradesh_2025-12.txt,Uttar Pradesh,2025-12
Uttar_Pradesh_2026-01.txt,Uttar Pradesh,2026-01
Uttar_Pradesh_2026-02.txt,Uttar Pradesh,2026-02
Uttar_Pradesh_2026-03.txt,Uttar Pradesh,2026-03
Uttar_Pradesh_2026-04.txt,Uttar Pradesh,2026-04
Uttar_Pradesh_2026-05.txt,Uttar Pradesh,2026-05
Uttar_Pradesh_2026-06.txt,Uttar Pradesh,2026-06
Uttar_Pradesh_2026-07.txt,Uttar Pradesh,2026-07
Uttarakhand_2024-08.txt,Uttarakhand,2024-08
Uttarakhand_2024-09.txt,Uttarakhand,2024-09
Uttarakhand_2024-10.txt,Uttarakhand,2024-10
Uttarakhand_2024-11.txt,Uttarakhand,2024-11
Uttarakhand_2024-12.txt,Uttarakhand,2024-12
Uttarakhand_2025-01.txt,Uttarakhand,2025-01
Uttarakhand_2025-02.txt,Uttarakhand,2025-02
Uttarakhand_2025-03.txt,Uttarakhand,2025-03
Uttarakhand_2025-04.txt,Uttarakhand,2025-04
Uttarakhand_2025-05.txt,Uttarakhand,2025-05
Uttarakhand_2025-06.txt,Uttarakhand,2025-06
Uttarakhand_2025-07.txt,Uttarakhand,2025-07
Uttarakhand_2025-08.txt,Uttarakhand,2025-08
Uttarakhand_2025-09.txt,Uttarakhand,2025-09
Uttarakhand_2025-10.txt,Uttarakhand,2025-10
Uttarakhand_2025-11.txt,Uttarakhand,2025-11
Uttarakhand_2025-12.txt,Uttarakhand,2025-12
Uttarakhand_2026-01.txt,Uttarakhand,2026-01
Uttarakhand_2026-02.txt,Uttarakhand,2026-02
Uttarakhand_2026-03.txt,Uttarakhand,2026-03
Uttarakhand_2026-04.txt,Uttarakhand,2026-04
Uttarakhand_2026-05.txt,Uttarakhand,2026-05
Uttarakhand_2026-06.txt,Uttarakhand,2026-06
Uttarakhand_2026-07.txt,Uttarakhand,2026-07
West_Bengal_2024-08.txt,West Bengal,2024-08
West_Bengal_2024-09.txt,West Bengal,2024-09
West_Bengal_2024-10.txt,West Bengal,2024-10
West_Bengal_2024-11.txt,West Bengal,2024-11
West_Bengal_2024-12.txt,West Bengal,2024-12
West_Bengal_2025-01.txt,West Bengal,2025-01
West_Bengal_2025-02.txt,West Bengal,2025-02
West_Bengal_2025-03.txt,West Bengal,2025-03
West_Bengal_2025-04.txt,West Bengal,2025-04
West_Bengal_2025-05.txt,West Bengal,2025-05
West_Bengal_2025-06.txt,West Bengal,2025-06
West_Bengal_2025-07.txt,West Bengal,2025-07
West_Bengal_2025-08.txt,West Bengal,2025-08
West_Bengal_2025-09.txt,West Bengal,2025-09
West_Bengal_2025-10.txt,West Bengal,2025-10
West_Bengal_2025-11.txt,West Bengal,2025-11
West_Bengal_2025-12.txt,West Bengal,2025-12
West_Bengal_2026-01.txt,West Bengal,2026-01
West_Bengal_2026-02.txt,West Bengal,2026-02
West_Bengal_2026-03.txt,West Bengal,2026-03
West_Bengal_2026-04.txt,West Bengal,2026-04
West_Bengal_2026-05.txt,West Bengal,2026-05
West_Bengal_2026-06.txt,West Bengal,2026-06
West_Bengal_2026-07.txt,West Bengal,2026-07
